,Eq_ID,Magnitude,Rhypo,depth,pga_H,pga_V,pgd_H,pgd_V,pgv_H,pgv_V,site_condn_S
0,3,5.8,157.790085352582,33.0,0.0227228165368513,0.00956943630800502,1.74856040162467,0.692361464532099,1.85732116898231,1.13418372710762,0
1,3,5.8,180.891876430914,33.0,0.0261201937554701,0.013581682676884,0.64797908998467,0.431335484947132,1.48441792000676,0.711625066877696,1
2,3,5.8,202.580684521491,33.0,0.0155874312591868,0.010135040618014,0.64395447186496,0.384225610033386,0.864400489100422,0.741174370451345,0
3,3,5.8,82.6699871101364,33.0,0.0307496386248063,0.00992070579748359,0.522977545098247,0.741596580843635,1.63686029556264,0.870933024581984,0
4,3,5.8,166.39388230767,33.0,0.0384509455630641,0.0199114176837471,1.28671118652398,0.927593380154885,2.97963687204939,1.37138315564905,1
5,3,5.8,160.032984890014,33.0,0.0297346438082359,0.00741398856370456,0.532270540749773,0.699983894913939,1.75382738351349,0.936634959602227,0
6,3,5.8,193.154830252548,33.0,0.0225151934699099,0.0211670641711868,0.993781419486147,1.15253077590037,1.23599360108931,0.87215746653377,0
7,3,5.8,114.485985551994,33.0,0.00859073127680751,0.0100724102540661,1.0433381367249,0.809523199739422,1.09303597297726,1.12316865598528,0
8,3,5.8,115.689884654735,33.0,0.071555386606871,0.0286291675804836,2.2125365779801,1.53142816792153,5.00230824556846,1.96143541267712,0
9,3,5.8,96.9862318793885,33.0,0.0782796390672852,0.0339494433558491,3.61950021023585,1.14678083201761,3.42257330054478,1.52081708163816,2
10,3,5.8,117.806038595467,33.0,0.116806686033686,0.10147597897417,7.04750506401072,10.7649275384422,4.73152977918207,3.27474160122571,2
11,3,5.8,146.318059611685,33.0,0.0603552623208874,0.0388221086411474,1.02321767164516,0.677648821424678,2.30672813627792,1.35210324748713,2
12,3,5.8,85.448997007742,33.0,0.0416162916561908,0.0154831476956242,1.280827193889,1.35586730451129,1.62033660087653,0.86837081541392,1
13,3,5.8,146.493960098191,33.0,0.0600172829966953,0.0321919846549019,1.52130360704315,0.586114310499359,2.75397450721122,1.01532067044099,2
14,3,5.8,110.59769084046,33.0,0.0438209348755378,0.0126533590430241,1.92346670834462,2.12985873896518,2.04956468635786,2.17460338098149,2
15,3,5.8,116.994152733966,33.0,0.0548488279390371,0.0262175815851871,2.47583579854115,2.36368893500509,1.95857079970437,1.25203059384537,2
16,3,5.8,146.808304983416,33.0,0.0416665641707501,0.021857262189349,0.795558695461989,0.433334938317638,2.81932219741078,1.36706230666337,0
17,3,5.8,127.072820371779,33.0,0.054354543151244,0.018234836861183,2.00737594898922,1.00122111988134,2.66712906086463,1.35292474264233,2
18,6,6.9,156.872673209046,13.2,0.13416136014778,0.0833158222969423,0.673749374225434,0.995962150731809,7.83034734952851,4.35815276608489,2
19,6,6.9,56.4903951403518,13.2,0.0273716487491564,0.0181858901172827,0.326914677519359,0.521160737109369,0.753004970356575,0.602957275631312,2
20,6,6.9,22.7636501108725,13.2,0.0758199069836084,0.0311338461586475,2.52706898498818,2.56823962202921,3.76009199018599,1.68340421675807,2
21,6,6.9,43.5641270154167,13.2,0.0287378092288272,0.0205941564740885,0.975748928947819,1.09494070324326,1.39339284460054,0.796900305568048,2
22,6,6.9,72.9403991862319,13.2,0.138998269095795,0.0631449569343965,4.83654822236746,1.52784824524332,9.63081685148814,3.09976302325432,2
23,6,6.9,150.952937800917,13.2,0.0943386270737645,0.0538435408654526,1.63101046723148,3.53258659420155,4.81973309471391,1.83370298844164,2
24,6,6.9,64.8307226244185,13.2,0.0597730551650205,0.0186980600216104,1.30265821956304,0.500283476589033,2.62555709141935,0.942912918157898,2
25,6,6.9,99.5884918600463,13.2,0.069149500006211,0.0246288812709411,2.56500598532302,0.472471333503646,2.59724185075568,0.980029176448059,2
26,6,6.9,69.693672075443,13.2,0.037861018225132,0.0174550774834245,1.23287163468097,0.395387097829523,1.70643608161352,0.878149675994991,2
27,6,6.9,60.3547333380954,13.2,0.0609697368552767,0.0270573299188546,2.10268853174243,0.807459098484385,2.21425014327292,1.17832249421599,2
28,6,6.9,62.9353543451307,13.2,0.0630755103761282,0.0277797936764942,1.90477534980111,0.780941386056435,2.7063155118896,1.14523043427379,2
29,6,6.9,54.4232227905036,13.2,0.0603805650228319,0.0232020301548626,1.47554814477707,1.18889419670881,1.98768317549232,1.06873369498408,2
30,6,6.9,35.4044348045343,13.2,0.0627921970993186,0.0364682516993759,1.15667128052349,1.20364846431746,2.78819054731661,1.13074893038123,2
31,7,4.7,32.3538672011304,29.2,0.0495809675510201,0.0158356528335006,0.758216866559326,0.519115162750953,1.29420902172515,0.660204725222624,2
32,7,4.7,335.118483895957,29.2,0.0341833878585743,0.0174488123892303,1.0938167697942,0.73320014636013,1.92915593028279,1.04723235760727,2
33,10,6.6,96.9144112013449,21.0,0.0252827745141269,0.027191409988539,0.760378714323152,0.293701634135329,1.94442705631568,1.2571462490849,2
34,10,6.6,124.597087168674,21.0,0.0193884172713097,0.0201277107119181,0.725697562299714,0.259978868021654,0.995419795417222,0.880766338381179,2
35,10,6.6,107.324933727064,21.0,0.0524843896034477,0.0503138160641622,0.518992700972799,0.51714008803794,2.98113132234347,3.26890176861185,0
36,10,6.6,76.7694633906637,21.0,0.0791403096306632,0.0409282886061494,3.73695499770831,0.607396965877564,3.74012770738586,2.10634389882658,2
37,10,6.6,22.6243426436159,21.0,0.289770831593924,0.152671598775096,8.64871271577581,4.84556519887806,31.8599986281643,8.15447108593244,2
38,10,6.6,29.6902976727562,21.0,0.0725508194600692,0.0458639877774748,2.1727611776385,1.22654889095443,5.58771213523886,2.49356888862455,2
39,10,6.6,96.8568571708071,21.0,0.00596564100033465,0.010868715499829,0.0745549137023193,0.104762090659589,0.211738847827029,0.334713903216049,2
40,10,6.6,281.415633039674,21.0,0.045430925703668,0.0158371759510059,29.1728079129816,23.9044979847288,15.2616405970523,4.49369630498721,0
41,10,6.6,90.8559091022863,21.0,0.0536599790047024,0.0327840235989056,1.59761619727443,0.536712933997251,4.75486752104703,2.36651237837018,2
42,10,6.6,38.4858858153976,21.0,0.0956493178730471,0.0456102413011855,3.32286019153952,2.45691344776382,7.85930718860404,3.76027571439007,2
43,10,6.6,101.62055152546,21.0,0.060761520233926,0.0229154536686788,4.69853832192339,5.23752445729183,4.84235630188396,2.5837151586622,2
44,11,5.8,14.7023692240553,10.0,0.0536844679193641,0.0449786554574374,0.709968799492713,1.56058279572768,2.73294770889908,1.63125739640868,2
45,11,4.5,24.5687335289506,10.0,0.0119557261193545,0.0206524262272661,0.278061020299393,0.186860613830934,0.698935548593279,0.630134538618518,2
46,11,4.5,16.7634759416558,10.0,0.0604992356583412,0.0418132659345923,0.509170093380074,0.43937682489455,3.9861235021759,1.53552331551966,2
47,12,5.6,10.351762282942,10.0,0.0411865095798054,0.0210140859568901,0.501264736103297,0.204927097031788,1.96354324848143,0.638021395716136,2
48,13,5.3,10.1856823168117,10.0,0.0402466081776912,0.0210071493032487,0.309888245854099,0.247637207779585,1.62403584186847,0.658869007181188,2
49,13,4.5,12.7085765867233,10.0,0.0400460785016707,0.0353104037599773,0.335132146717669,0.12190829065492,2.33641126498654,0.959244628382687,2
50,13,4.7,19.4875609167025,10.0,0.0459375132774349,0.0187111704003861,0.587259605961016,0.364089752763086,2.17805489550451,0.590302796800517,2
51,13,5.0,18.6337945148933,10.0,0.0744393405148728,0.0338336193103858,0.912988963444183,0.484200855654159,4.30328353168146,1.4273229928916,2
52,14,4.4,33.8015870662678,10.0,0.0288311364627725,0.020140993523336,0.246564344152866,0.315349821609348,1.72112975823682,1.07718189643351,2
53,15,5.2,98.2991990238383,36.9,0.0069280385982491,0.00549487405276011,0.109611767835468,0.0520544197469436,0.231593926168739,0.125365236546679,0
54,15,5.2,39.21544985333,36.9,0.0585101652444027,0.0417668013524954,0.808469081122547,0.29184677029079,3.0270304832558,1.45917363385757,0
55,15,5.2,159.11501231787,36.9,0.00808424441291695,0.00316544134859452,0.0720306365203213,0.0334369115562561,0.218972444303796,0.0720290962645784,2
56,15,5.2,71.2561027286392,36.9,0.00948238635936959,0.0107296737138511,0.116475457971186,0.0591828978448075,0.341319113612462,0.202122294851483,2
57,15,5.2,153.268710840068,36.9,0.00389492827444992,0.0023945368754702,0.309469334252576,0.0901513414840093,0.184290676381276,0.06863247045955,0
58,15,5.2,51.5913152280765,36.9,0.0331270318952145,0.0222684088275872,0.0933445331002853,0.10318061267905,0.668386151368283,0.466487491235277,2
59,15,5.2,88.2941547686822,36.9,0.00740776538162082,0.0057736244866174,0.0906155916190451,0.0795310970192659,0.322294398970935,0.278109196303306,2
60,15,5.2,88.6209744628997,36.9,0.0236241086916373,0.0105514870300543,0.0478925183329619,0.0208869939060662,0.653458907679521,0.276035232873184,2
61,16,3.9,17.0310204782126,13.0,0.00489901242726725,0.00944607811067114,0.0637400620039017,0.0558128847746442,0.102706662794767,0.0990377517787124,2
62,17,4.0,45.5463376245411,33.0,0.0102966494811615,0.0190638176568414,0.0849316048489214,0.0238534200198481,0.203168468590912,0.221168184446493,0
63,18,3.4,36.947515222045,22.0,0.0304104361037809,0.0549339352417364,0.0501841511840461,0.0516118145952353,0.438770912901199,0.351373154053282,0
64,19,4.1,29.7239763083351,20.2,0.00482864595230586,0.00317195665540653,0.0341236678390892,0.0707790487325253,0.15373490371348,0.064263534440772,0
65,20,5.0,57.5328469340623,33.0,0.00920806852590772,0.00499995873101534,0.15785630994862,0.0442615968006505,0.259794910421345,0.102038768120408,2
66,20,5.0,154.675016506034,33.0,0.00346211032057491,0.00198207634664721,0.170197268148289,0.220662517231327,0.144080387584359,0.0724599173617199,0
67,21,4.0,18.3201181336732,12.6,0.027146101074159,0.0415663470247037,0.0936168967770987,0.0570952959471234,0.445634845034522,0.658563778608879,2
68,22,3.6,26.4760651940546,5.6,0.00602776451930546,0.0104011586448096,0.041575233768958,0.0594421155911975,0.137357499360323,0.122538802276071,0
69,26,4.3,87.2939273239392,19.1,0.00269327032647868,0.000990666087026827,0.0443610984099422,0.0297007905787543,0.0780219928316528,0.0254910343206585,2
70,26,4.3,32.4425406000512,19.1,0.0118637289871998,0.0250445008320178,0.0763941354550376,0.0516261781801529,0.3527700745639,0.220071843369111,0
71,26,4.3,23.5144611339089,19.1,0.0119833235085289,0.013761051689257,0.0514496770831582,0.0277022827253054,0.254991548070376,0.15005945247643,2
72,26,4.3,61.8726494934952,19.1,0.00367042016230544,0.00243457432193154,0.0581462968620184,0.0374540313180542,0.0810671569482083,0.0583110467541828,2
73,27,5.0,90.601208033185,8.9,0.00900753452425085,0.00969632390594464,0.0732801013169813,0.0367418962515678,0.231511156177906,0.17719723451225,2
74,27,5.0,32.6949821735844,8.9,0.00532724170375235,0.00449001611462082,0.107264064334931,0.048118893366227,0.179622948436161,0.0991575144379833,1
75,27,5.0,171.512382406514,8.9,0.00806804451448111,0.00485682052147262,0.134516853601444,0.0471462870648539,0.233100494231296,0.095607879149701,2
76,27,5.0,95.3264885348296,8.9,0.0054092096742317,0.00495980730868911,0.051821262469087,0.0351180830027302,0.179105972876086,0.142098226111806,2
77,27,5.0,52.1754075802247,8.9,0.00621516772028692,0.0035077855461365,0.0853957715843811,0.0740312109619177,0.140991830172077,0.0763595040792153,0
78,27,5.0,18.4273791993565,8.9,0.00479697504926462,0.00170464159328481,0.0557748331211684,0.0320993830495261,0.152752749253134,0.0424251624159997,2
79,27,5.0,61.5134702148427,8.9,0.0044722044177112,0.0018930996284739,0.101508403838705,0.0364170241026363,0.157342505540025,0.0643524912529034,2
80,28,5.8,850.68145822785,160.0,0.00211658458701433,0.00147414459144836,0.0519073686119735,0.114509067714302,0.157524035709535,0.11028073042668,2
81,28,5.8,825.747181299484,160.0,0.00335611536295312,0.00363021068526424,0.133369634860213,0.0887204305368882,0.227176197995285,0.253374609167371,2
82,29,4.4,54.126453672598,10.0,0.00540758545371786,0.00437317417346707,0.0581596884134355,0.0315745777348665,0.118144791515617,0.0735672374143345,2
83,29,4.4,33.3683914770332,10.0,0.00822226531035901,0.00778767074727087,0.140526504748324,0.162598787501537,0.157234317405156,0.156916621396067,2
84,30,6.4,751.697561268301,188.0,0.00227244280930968,0.00174626807387146,0.0460618036599775,0.0729722175116676,0.142090105904448,0.0979829334017284,2
85,31,3.9,41.1223571611607,12.0,0.0112472957611105,0.00715944164203294,0.0808325347843843,0.120193481474557,0.23903518869217,0.12967583026629,2
86,31,3.9,21.5322699583318,12.0,0.00915677929552433,0.00426057032401359,0.057192173765941,0.0542690118401475,0.212637204253765,0.0955910874193996,2
87,32,4.0,24.866269456613,11.5,0.00497926433247768,0.00399133117083978,0.0553067178903593,0.0403281251043392,0.0902007061463251,0.0661853329872052,2
88,32,4.0,52.7751818431533,11.5,0.00455844611930573,0.00816354347959048,0.0416079688451137,0.0871072534694558,0.170441963790085,0.0855195860706335,1
89,32,4.0,104.032883693441,11.5,0.00432292310673531,0.00273131397936248,0.0312237327653693,0.0376340098102622,0.043127313902079,0.0392657315485001,2
90,35,3.5,26.0950935157492,15.5,0.00294812809875777,0.00450422176764098,0.0420640505608873,0.0636389261191492,0.103818395586652,0.108127175543112,2
91,36,4.6,34.237499728009,10.0,0.0144750179119281,0.00555356222751583,0.0716880851703747,0.0442527751925567,0.517767584499988,0.215090268835425,0
92,36,4.6,207.535103940984,10.0,0.00185435402030305,0.00132892903446272,0.0541096557796768,0.0590622519175117,0.0653375068624644,0.0290244077284487,2
93,36,4.6,94.5327065627938,10.0,0.00365156944944466,0.00212440405395203,0.0844470975344603,0.0474519596433634,0.133089417875758,0.0525298904162627,0
94,36,4.6,80.5615629936955,10.0,0.00943312550327784,0.00668905147089455,0.120149873497211,0.0952417908188351,0.290141981977511,0.147827490679108,2
95,36,4.6,22.2687354230128,10.0,0.128965909938826,0.138276081625544,0.165720481933019,0.0549670375705115,3.87759672518841,1.72430379907087,0
96,36,4.6,24.7901894337058,10.0,0.00912589327203763,0.0119988932103059,0.0658907831082112,0.0640015961650559,0.136086074863888,0.123199790026181,2
97,36,4.6,212.315073068384,10.0,0.0016362776096767,0.000940668566485655,0.0490912938094748,0.0531869665256509,0.0685324232101688,0.0243635297309734,0
98,37,4.5,50.7342740846707,42.0,0.00867052163778764,0.00940828585370579,0.039709602987176,0.0332618831513212,0.145471174989536,0.100814909465845,2
99,37,4.5,48.1157366635936,42.0,0.00429375595904735,0.00570885830521322,0.0554416293277511,0.0551545613197663,0.150181726042019,0.0853190129860889,0
100,37,4.5,98.6105820158988,42.0,0.00940798029407982,0.00779701197126293,0.0646759423664021,0.0358063934956734,0.209472335024119,0.236621246634998,2
101,40,3.5,32.2707267980693,14.0,0.0109246246385636,0.00655657043055468,0.0970095484728731,0.0245742625371496,0.298918449183916,0.116906678763189,0
102,40,3.5,18.2689762318549,14.0,0.0327457357888192,0.0414041751840831,0.0551760099827893,0.0339502037418586,0.580434620218449,0.433552659579525,0
103,40,3.5,27.7499819510105,14.0,0.0072669081475277,0.00456646205484819,0.0512070201017497,0.0233301573901736,0.148082996856352,0.0594640400741374,2
104,44,4.7,145.132645697544,52.5,0.00386473968048598,0.00124428662636962,0.0567383412177525,0.0526886674230563,0.147413730386027,0.0581638087485885,0
105,44,4.7,68.2405478817851,52.5,0.0198195587500078,0.0105324132762108,0.0650883589835056,0.0512988691094844,0.643429812504575,0.34473216406768,2
106,44,4.7,143.009391776068,52.5,0.0078964952647869,0.00414008958763385,0.0496569302824665,0.127620770282036,0.236229381606597,0.0979748910326731,2
107,44,4.7,78.396319310511,52.5,0.0129359373102226,0.00647321054745252,0.0679185160283502,0.0336391037837964,0.564117691515355,0.195240198809619,0
108,44,4.7,110.720560084253,52.5,0.00650557948510081,0.00439078917851061,0.0706913630066549,0.037661285496395,0.224863207764105,0.115401030462395,0
109,44,4.7,117.792556775545,52.5,0.0149878928636923,0.0105398994763884,0.10529115467009,0.102838637470129,0.485635886160155,0.23278198266477,2
110,44,4.7,85.1673587845448,52.5,0.0200911926931299,0.00997773154315338,0.0485332810933796,0.0531374503764889,0.535129635420782,0.212903604575437,2
111,44,4.7,148.384893687879,52.5,0.00874447291041132,0.00346958748824327,0.0504233551739522,0.0256460170686286,0.190406033045799,0.0754293853619394,2
112,44,4.7,141.616953944314,52.5,0.00833779005534402,0.00336793844780862,0.0624814576277317,0.0295737610070875,0.32336213943803,0.0678854509803325,0
113,44,4.7,135.242760910598,52.5,0.00490160620759682,0.00168156638552911,0.0796157084998075,0.0287387681531909,0.219192502567164,0.0804542274097935,2
114,44,4.7,160.983278946205,52.5,0.00365344110207559,0.00365968942492561,0.647459461586446,0.117849203069301,0.22634271853888,0.0881179333521853,2
115,44,4.7,86.7687196521244,52.5,0.0117518488808292,0.00817108122397193,0.0965753832420012,0.0268105391249084,0.371722480774507,0.147931250373143,2
116,45,4.5,33.3266000372836,24.5,0.00961046263974303,0.00673159110697845,0.0928580442997118,0.0471604386559569,0.413397303770485,0.165664342481078,0
117,45,4.5,80.26277053896,24.5,0.00205132970827219,0.00146686284666517,0.0643699858429657,0.0823827291767804,0.04911580596472,0.0291058415567114,2
118,45,4.5,25.3633896495861,24.5,0.0199539493536242,0.0214167440621769,0.0630317406104396,0.098937523747747,0.503458802710004,0.193042250059213,0
119,46,6.3,872.446370734581,168.0,0.00377954878428631,0.00157615368466024,0.091639526187863,0.0549549102144091,0.125342423654282,0.0484210043293539,2
120,46,6.3,730.966928572759,168.0,0.0016250579100014,0.000748565390648833,0.206518129308206,0.0495920405430009,0.105173574510744,0.031565742345843,0
121,46,6.3,732.465126901602,168.0,0.00141071665257632,0.00256125304460525,0.0572778431073128,0.0687359248158265,0.0557387379942703,0.0749987116497934,2
122,46,6.3,859.909148046142,168.0,0.0022917829778304,0.000901144582192705,0.281051864421862,0.0732849180065744,0.10931884822793,0.0428331765437848,1
123,46,6.3,859.806777736697,168.0,0.00325152487568507,0.00321748765775161,0.849901253777593,0.0306354300195537,0.333189799964304,0.100569849450143,2
124,47,6.3,732.465126901602,168.0,0.00303404704619226,0.00211543710793772,0.0301552091728484,0.0725779366898291,0.147769001216503,0.101876392586874,2
125,50,5.4,489.454699610221,66.3,0.00247234348460983,0.00220295201880738,0.0689167032438386,0.05571916712951,0.0706202889230667,0.04741404199543,2
126,54,4.6,42.2698619914546,20.5,0.0179189543701949,0.00592118136022567,0.0923119233561007,0.121021278621231,0.772892100741372,0.196917570303483,0
127,54,4.6,76.8440935466759,20.5,0.00289704828970375,0.00138048779987017,0.0362647519600647,0.0469378217816388,0.107455829627561,0.0428151645460942,2
128,54,4.6,185.319535133582,20.5,0.00845669233377603,0.00779561562168852,0.323545063229999,0.0905268472176989,0.261344331914933,0.182334465511839,0
129,54,4.6,28.9551966728829,20.5,0.0301527261446253,0.0372845493145105,0.0825547008145049,0.0388963302803554,0.713404271122461,0.456349661116846,0
130,54,4.6,213.554842443221,20.5,0.0009874038161072,0.000472757791449131,0.0865425945599485,0.029241984810201,0.0541819009979069,0.019941141962315,0
131,54,4.6,132.116668542335,20.5,0.00323651887287221,0.00402997734185527,0.0850478522549803,0.118207768506232,0.143325772729201,0.0641165149906229,0
132,55,2.5,39.9920625542741,17.0,0.00528253069134385,0.00226128336999759,0.0777353802808378,0.0602679422746732,0.0724541981249472,0.0234664293867285,0
133,55,2.5,34.7917773020729,17.0,0.00137426526515362,0.00113109244649092,0.0516802318684809,0.0279775591686103,0.0204787816085294,0.0143133417407561,0
134,55,2.5,33.3501968583037,17.0,0.00143665188584025,0.000740869292646278,0.0513004086795508,0.0751864929392436,0.0248853548983322,0.0126514453900188,2
135,55,2.5,36.2990783058504,17.0,0.00305754693225891,0.00270601691824391,0.0735467035919964,0.0389558359166642,0.0356109505876981,0.0229318088305175,0
136,55,2.5,37.2900128220674,17.0,0.00311449542974516,0.000748678146684542,0.0796022032983266,0.0343345589977543,0.0379338731269759,0.0124840280368352,0
137,55,2.5,36.1953253720513,17.0,0.00319540467908399,0.00130515781193534,0.0325920944646781,0.202880719936666,0.0369357089250666,0.0251635377723284,2
138,55,2.5,40.9874640980611,17.0,0.00885229733248113,0.0078918289252502,0.0322799970838709,0.0110514859679114,0.173109395227602,0.0933021696563963,0
139,55,2.5,31.6336235479702,17.0,0.0201849113679402,0.0130190304441605,0.0205770167040125,0.0269495122026584,0.219231590635439,0.148166591130132,2
140,55,2.5,28.5420537284265,17.0,0.00268307262505927,0.00298703533730434,0.0740202783596055,0.0693763723911535,0.0334083601930602,0.033785963035437,0
141,57,4.5,35.058130585734,35.0,0.0144443730930837,0.012325519912297,0.428014904648164,0.0308352374124747,0.507814212546035,0.143180154046103,0
142,57,4.5,177.019989924929,35.0,0.00339830973239077,0.00244883887762685,0.10997108263268,0.129214195899721,0.0915747393665081,0.0823971167085439,2
143,57,4.5,41.9410682120788,35.0,0.00506311679446742,0.00431875729924404,0.0631972549361752,0.0610187597429987,0.138403578709639,0.0680877569204734,0
144,57,4.5,63.1726183584175,35.0,0.0127350583196128,0.00616194308390533,0.0480709479838924,0.0559025055296596,0.397145530397707,0.136752009340412,0
145,57,4.5,52.9642360496421,35.0,0.00303646207409629,0.0019954857561395,0.0584616493802145,0.0793700210215881,0.12753648077281,0.0534799763754629,0
146,57,4.5,72.944520331753,35.0,0.00464582840997091,0.0102528606910921,0.070339463155103,0.0314653951552156,0.179247350641042,0.27054049144653,0
147,57,4.5,166.348523582472,35.0,0.0030340283009231,0.00162818251384789,0.0336386281616344,0.0804325536004476,0.0566279627019494,0.0372219081071784,2
148,57,4.5,84.4053578030833,35.0,0.00529935631967691,0.00790100355158615,0.088472117172152,0.0662837034396605,0.231439049727791,0.198742385685798,0
149,57,4.5,73.1222015018571,35.0,0.00833867589890639,0.00566352341255132,1.22425176136538,0.702344515271364,0.426014083564046,0.197814598237622,0
150,57,4.5,270.140142917632,35.0,0.000708889204440553,0.000357566198103627,0.092736738245617,0.0390664905687704,0.0310800510966646,0.0213646544860103,0
151,57,4.5,84.5473767294561,35.0,0.00325411359970348,0.00301265874145182,0.0792607709471788,0.0504478843530614,0.0828903838009189,0.0585977430998329,0
152,57,4.5,167.422901027134,35.0,0.003335166749737,0.00736529686061166,0.0163639515720053,0.0298081837706117,0.119015097041175,0.231688039403744,0
153,58,3.9,52.2511797784011,8.0,0.00294590786362988,0.00240030008766399,0.120653104041472,0.0822009315154764,0.0891492529818043,0.0659455897079621,2
154,58,3.9,17.2263724229687,8.0,0.0132808897802414,0.0103060273519602,0.0705419640389661,0.0446722180055374,0.559757303960048,0.214737559857706,0
155,58,3.9,76.8460028019891,8.0,0.000639736713056812,0.000501393071955498,0.0431507257786562,0.0254648378398488,0.0276914278250617,0.0163752785100519,0
156,58,3.9,8.98008064130296,8.0,0.0203722391106916,0.0336972658750515,0.0678444275873806,0.0439753485691927,0.514239290634524,0.527183825957693,2
157,59,4.7,68.2444536313845,43.8,0.00303607740639406,0.00193199968600141,0.0546692344222254,0.0832037346909609,0.107854654690374,0.0450327384316003,2
158,59,4.7,50.2763277633553,43.8,0.0409547340774817,0.0381473964603847,0.0843128453467452,0.0872560540899282,0.820808078019458,0.476013709801582,2
159,59,4.7,154.668995332655,43.8,0.000512519618662797,0.000333318293445336,0.0709101428456564,0.0294567832561051,0.0247635646643246,0.0140732040928595,0
160,59,4.7,164.010548781552,43.8,0.00213894364571925,0.0024874220664183,0.050100652998552,0.108458371354249,0.0845049589139147,0.0590367089791051,0
161,60,3.6,70.7212225304264,10.0,0.00999072045186117,0.0162958915526485,0.0464236378009875,0.0305243136558185,0.213585780036853,0.225822511594107,2
162,60,3.6,48.4472379777095,10.0,0.0126837424328751,0.00667653259716064,0.0419786208285134,0.0594663397611267,0.264824408112844,0.107540628682294,2
163,61,5.2,61.3264898780722,14.2,0.00259757016133276,0.00138238753972407,0.0410509013190703,0.0462465806379095,0.0895203424928722,0.0520312023693414,2
164,61,5.2,36.3675130102603,14.2,0.00619091446103471,0.00600087900983961,0.0530293143581177,0.0549599299326097,0.117471254449068,0.0834429590981105,2
165,62,4.3,19.2704425065438,6.6,0.0060859713440032,0.00508355132369146,0.0810044848699887,0.0247886332728548,0.142061817693979,0.110554713539926,0
166,62,4.3,35.0328520693081,6.6,0.00942832492811875,0.00798352605642032,0.049490527774881,0.0334015317970471,0.20211259500155,0.142090607223234,2
167,62,4.3,29.9066317052161,6.6,0.00969913231558611,0.00752847312041132,0.0339011401766965,0.0263623869683912,0.18623416832383,0.101757466876793,0
168,62,4.3,164.009085872759,6.6,0.000834406385519038,0.00047241082097846,0.0637725065412313,0.0660748044326565,0.0261600933269763,0.0155587742068383,0
169,65,6.5,963.499068835847,167.0,0.00251051871488665,0.000990298632206609,0.0745310659490944,0.104363674728949,0.137119583062642,0.0665917681741829,0
170,65,6.5,886.586031110962,167.0,0.0041841125455143,0.00156985729324161,0.150178905366123,0.0875764679720935,0.145120979284435,0.0615726876324335,2
171,65,6.5,685.16878906437,167.0,0.00252542768920566,0.000638826163080939,0.127784809288908,0.0613017847313352,0.231916103006261,0.0479736846768602,2
172,65,6.5,996.585181765851,167.0,0.00388174967017872,0.000714116724286505,0.157200664297875,0.0841674514691667,0.339132545025596,0.0681344593124021,0
173,65,6.5,746.722320288279,167.0,0.00441077480564329,0.00458072047697811,0.102401204994926,0.0882807239348825,0.32067864986343,0.252186893441641,2
174,65,6.5,872.448498449602,167.0,0.00301332123848684,0.000715088208175284,0.096195741194339,0.140778174930632,0.1842619720406,0.0419438920652454,0
175,65,6.5,798.958518774992,167.0,0.00357514098948807,0.00322653857429262,0.377152372897204,0.645982390763058,0.287042010728286,0.266549480463721,2
176,65,6.5,782.605899375378,167.0,0.00358067825669137,0.00253212971830909,0.334864866104495,0.050218136219147,0.283167950632901,0.16307559558503,2
177,65,6.5,1020.19520870997,167.0,0.00189210669854937,0.000559019414402341,0.4852271551294,0.0342854442426194,0.20421291045691,0.0577662053295004,0
178,65,6.5,816.905370944809,167.0,0.00375537164748798,0.00131836707449415,0.210233497712674,0.320087084312998,0.240460459036424,0.0753635628252566,0
179,67,7.4,1295.67871509263,5.0,0.00162524825311172,0.000939821283945269,0.333228929590005,0.0751789403989924,0.203099674535432,0.174455171471765,0
180,67,7.4,1173.60769114673,5.0,0.00191408681601793,0.000657733495690778,0.146706284648354,0.262701896541918,0.210487650701586,0.0965937363940626,0
181,67,7.4,1286.55128979714,5.0,0.000853661790876566,0.000609375717131611,0.193160140796479,0.273079952894879,0.11001755400497,0.165905431151789,2
182,67,7.4,1275.56042135513,5.0,0.0119698867986015,0.00701733376717734,2.66271421921598,1.07587153559775,1.63099034828322,0.856507755521135,0
183,67,7.4,1260.13159663594,5.0,0.0113421190711495,0.00492249886143294,0.641172959420902,0.745758843858562,1.00331709141186,0.296417369486556,0
184,67,7.4,1296.82717111835,5.0,0.0149153045527403,0.00488538870985809,2.33618070122278,0.322694180792664,0.910486881241779,0.780120017255957,0
185,67,7.4,1255.73121003819,5.0,0.00220728532552764,0.000959676636672921,0.2879025907196,0.140089442884956,0.315127332019929,0.162595827008371,0
186,67,7.4,1272.88240435742,5.0,0.00812831505436847,0.0037910990046665,2.63640530889169,1.24541570568093,1.51407661607505,0.606223126959846,0
187,67,7.4,1300.07240851275,5.0,0.019905690759965,0.0174766204417809,0.784667151293993,0.251094017629204,1.2402009847937,1.00685782967898,0
188,67,7.4,1343.9597743381,5.0,0.00158614301421911,0.0007088329646153,1.17391325946244,1.71550132107254,0.291394368263179,0.168196817176247,0
189,67,7.4,1254.75133770778,5.0,0.00316807429862541,0.00125619168489107,0.604481709887792,0.385171784299742,0.359791730919749,0.124971678939574,0
190,67,7.4,1290.81973672474,5.0,0.0124151853452956,0.00564044055470238,0.782974314397354,1.3080297851698,0.650948081355381,0.781088646775813,0
191,68,3.2,52.6012301022949,10.0,0.00241710535825853,0.00110205396433557,0.0981409134209211,0.0984325990915768,0.0277215252485182,0.0182136395752119,0
192,70,5.0,37.9752223409761,10.0,0.00378906131078051,0.00262018972284134,0.0611347075384268,0.0732846236991726,0.145087037030253,0.110850610886538,0
193,70,5.0,254.961563811991,10.0,0.00673221685745546,0.00541179711209154,0.0469936019905364,0.0262410576668427,0.178756327509308,0.072060935117609,1
194,70,5.0,155.872021205938,10.0,0.00404531623063583,0.00304397931426106,0.0712675212223234,0.0407462661487558,0.150610732400658,0.0834228626660857,2
195,70,5.0,142.804230046815,10.0,0.00671368865143811,0.00386940077800436,0.124897709684269,0.0511870672778654,0.257971229649822,0.135076213837575,0
196,70,5.0,31.7135561815472,10.0,0.010458489909588,0.0112048027786007,0.0722160504289515,0.0759323670272281,0.293034478526553,0.140282807301202,2
197,71,2.3,9.13110269563558,5.0,0.00662902231818384,0.0034628464528208,0.0468601501595073,0.0577048375455686,0.0556089473832773,0.0230943700127802,0
198,71,2.3,13.3371647810454,5.0,0.00329901561941009,0.000703905754302351,0.082744207113721,0.0325746214396424,0.0193562965352554,0.0104219513464033,2
199,72,3.3,360.516881209674,8.0,0.00567017087620241,0.00762486369751011,0.0712744190099799,0.0303108882230749,0.157200145347447,0.123259253122966,2
200,73,5.6,111.878020034317,17.4,0.0103695536467836,0.0077848457959602,0.161741565687537,0.143572031509702,0.567551708126169,0.255998787296876,2
201,73,5.6,104.088419701214,17.4,0.0104403304043638,0.00439512012137396,0.195970465864775,0.222785337466472,0.600645767155091,0.206993713066422,0
202,73,5.6,282.482613332655,17.4,0.0071086971847933,0.00258908677916088,0.132048543301933,0.144184721522021,0.345593878615946,0.0973122549526368,2
203,73,5.6,169.112145612198,17.4,0.0145518870814174,0.00906468641118528,0.271957591109834,0.0943044716370195,1.41492141300016,0.629747642614584,0
204,73,5.6,76.4744035851078,17.4,0.0246055555274954,0.0106568326105718,0.105799693744775,0.0716915690939415,0.826399609404271,0.462945800113759,2
205,73,5.6,54.6739813336636,17.4,0.0180751940671248,0.0129354188988268,0.331523450929884,0.24937040874892,0.928782449730873,0.512039277984144,2
206,73,5.6,276.999016666615,17.4,0.00327748732699298,0.00154921703481001,0.0619249872490466,0.131189381186733,0.194932150972948,0.0709705995870899,0
207,73,5.6,262.334813594816,17.4,0.00739179673496274,0.00220523223937143,0.0653472019180328,0.0416334435885524,0.539850156474032,0.123321674136382,0
208,73,5.6,40.7096226336257,17.4,0.135331122916119,0.0572783367469241,0.423381086477497,0.116694688084539,7.64700192224495,1.39924267278425,1
209,73,5.6,154.908545369335,17.4,0.0198731415123285,0.0130239567892742,0.230605811165704,0.091669018778016,1.09241960862962,0.589247175391708,2
210,73,5.6,159.948670007421,17.4,0.0107436694766688,0.0058472577898591,0.216184167384271,0.134958817091238,0.624097353986962,0.426125720035296,2
211,73,5.6,112.156601813865,17.4,0.023915497114338,0.00842661505457563,0.496699648109705,0.156386604048891,1.51534544701928,0.319605516395426,0
212,73,5.6,221.126951960114,17.4,0.0052989239515218,0.00413191328289252,0.0996652803276878,0.161713106442611,0.289682159219661,0.172010943070756,0
213,73,5.6,184.568052976537,17.4,0.00981699919894005,0.00740420730464938,0.535163221641787,0.267655445051124,0.545427341347331,0.191900869267303,0
214,73,5.6,367.546446054213,17.4,0.00181115930365317,0.00132044041160988,0.103270658520776,0.0504707722464943,0.175425411799387,0.061308064188951,0
215,73,5.6,76.9637943902878,17.4,0.0225201582021335,0.0131779711562248,0.175064554555263,0.118611409027717,0.782065500321492,0.399754045665907,2
216,73,5.6,59.9736378816429,17.4,0.0617020748693438,0.0377582477437851,0.147508852320128,0.154896304562144,1.42703087116172,0.836709625569708,2
217,73,5.6,88.5980728853769,17.4,0.00698605811177384,0.00392007582435009,0.257300465609945,0.0840531520111668,0.351390473399649,0.257387542511069,2
218,73,5.6,281.640896785669,17.4,0.00419431218843955,0.00162049323464422,0.299525320267411,0.221986733687827,0.238918661382896,0.0805984723179952,0
219,73,5.6,191.251997806239,17.4,0.00708382963354982,0.00368491689326338,0.131203343235457,0.0469324876580982,0.372207738183343,0.173979854066666,2
220,73,5.6,428.483786060903,17.4,0.00269489483264487,0.00112150411339054,0.0571019789079258,0.0371191497057211,0.214053475769387,0.0913975253536798,0
221,73,5.6,90.5240498572655,17.4,0.0118752242397707,0.0079621191854439,0.219948714833216,0.140817589331336,0.578009177889626,0.281655180608746,0
222,73,5.6,243.72865427983,17.4,0.00632717421854285,0.00416673025901667,0.128872721298431,0.0596628753235123,0.352768458418084,0.220241600816359,2
223,73,5.6,152.509698902638,17.4,0.00969799113375289,0.00563470468482441,0.39883840879566,0.396194467142063,0.733490626529348,0.254664905702655,0
224,74,4.6,31.5767126704533,23.0,0.00752811340229958,0.00781504824324963,0.0621356786416131,0.0666115948850725,0.184160977821232,0.178014124638001,2
225,76,3.7,137.338949572054,10.0,0.0230121941266048,0.0131784725958369,0.0538770682184374,0.0421670139316289,0.577231586676432,0.144687740142004,0
226,76,3.7,61.6421460445962,10.0,0.0117661649266366,0.0101440841629238,0.132252806892006,0.05351425735892,0.181965040306892,0.10810796040991,2
227,77,4.8,106.910456179111,26.6,0.00400893914436085,0.00183500599903793,0.0385783280194085,0.0539335965319562,0.181256263141284,0.0640445359302066,2
228,77,4.8,122.120650863993,26.6,0.00606697512831219,0.00346369474909003,0.0947970591975357,0.142121708049057,0.215233598582179,0.0968811127192671,2
229,77,4.8,148.517568620058,26.6,0.00161829115531884,0.000579345452816128,0.0440575459733714,0.0468003059429911,0.0558525666600014,0.0221921021179207,2
230,77,4.8,147.367348371531,26.6,0.0025727941751201,0.00155518142827266,0.0690749622284338,0.0542587245981452,0.0942031767467503,0.0451570068797836,0
231,77,4.8,29.3627414718946,26.6,0.0423130435152843,0.0336563585700249,0.251398916105044,0.137900552438466,2.31061397336661,1.02923930888568,0
232,77,4.8,134.606520219528,26.6,0.00348369028703323,0.00235606200335514,0.0984337195196205,0.0477724952895869,0.174875408415979,0.0509247167968685,0
233,77,4.8,114.275984119347,26.6,0.0099391228243439,0.00455889180877684,0.133275280917562,0.0389834738697478,0.527382972005208,0.146238872431059,0
234,77,4.8,57.589474248463,26.6,0.0064350575716692,0.0051490956265733,0.106666812700928,0.120035743655503,0.221099228382816,0.157921688767503,2
235,77,4.8,118.80956218072,26.6,0.00568426376139797,0.00307926381711952,0.0625397915000891,0.0401746001831812,0.318913662766365,0.141790693599794,0
236,77,4.8,163.007928163108,26.6,0.00199915616792988,0.0014978813704252,0.056669222070429,0.0836287968360156,0.104194203299453,0.0449902581792494,0
237,77,4.8,97.7926684982115,26.6,0.00784910409630015,0.00769106868749586,0.0883429693656159,0.0462683952305093,0.33704144650708,0.221817786915592,2
238,77,4.8,169.233823116283,26.6,0.00168157757192399,0.00115534645017694,0.177072596120217,0.0396774579021287,0.0905742470376318,0.0292982308524486,0
239,77,4.8,160.091696789677,26.6,0.0022354506838931,0.000856469268066099,0.060768041536463,0.0724959990428961,0.080650102143717,0.0246048012437384,0
240,78,4.0,25.2311153366856,23.0,0.0112182556495856,0.011087707582011,0.0650074731214637,0.0416453976683501,0.212281656082665,0.112788185210778,0
241,79,4.4,69.7256026887417,21.0,0.00552630643584326,0.00349319153849269,0.0719161654098446,0.0577757789480781,0.244169620361177,0.132356288164059,2
242,80,5.2,26.8880538208866,8.0,0.0272056286811996,0.0143219434140481,0.0476312294032119,0.0404710950663109,0.305318102985754,0.161766936273852,0
243,80,4.2,27.8404480237595,8.0,0.0362335337698085,0.0167772371655759,0.0923996166439544,0.0516739337036613,0.427950617001931,0.213270275393096,0
244,80,6.7,20.8322790009787,8.0,0.0268693340190973,0.0106845816608614,0.067965451478464,0.110140230405961,0.439413195114585,0.142635216141431,2
245,80,5.0,24.3728664527961,8.0,0.0584699620578932,0.0271978428643407,0.109959039640222,0.0862265425178967,0.860243820792474,0.418779327637883,0
246,80,4.4,40.7083197091968,8.0,0.00807607173509809,0.00753889330667498,0.264169947835298,0.0220944213023455,0.174904230277526,0.17221290278523,0
247,80,5.2,24.4401279841125,8.0,0.0276181516470454,0.0107112052677016,0.0183599778914084,0.00511523646528266,0.411603921317245,0.13157566635612,2
248,80,5.2,12.0469626591589,8.0,0.00644826796935353,0.005765849738665,0.00406944553899573,0.00163915863269857,0.0568936706397188,0.0432071215124938,0
249,80,5.2,48.5976772247551,8.0,0.00996877913339274,0.00754281717902955,0.0481523163714785,0.0932891149983371,0.229855203723775,0.116084156152176,0
250,80,5.2,24.240837698219,8.0,0.0496981507555493,0.0427479035387133,0.0365973413595845,0.016648816494999,0.978586734941825,0.575315369605428,0
251,84,3.1,36.8562920980237,10.0,0.00351080903275219,0.00408818835202093,0.0985973289365428,0.0526475917863491,0.111658061770761,0.093721391527815,2
252,86,3.0,36.8562920980237,10.0,0.00222690500101938,0.00213590794319957,0.094114188697902,0.0256110689397871,0.07209061989292,0.038536535076428,2
253,87,3.7,9.5119788543745,5.0,0.0133939833548112,0.0110742335030283,0.0821921038720104,0.0356573032507616,0.349929178788179,0.185946205592675,0
254,89,3.6,52.3810167705148,10.0,0.00133777955364924,0.00279050269280648,0.0384461342138586,0.033671209967167,0.0351910770510854,0.0398907526836828,2
255,90,4.4,87.446317927072,10.0,0.00280230828399386,0.0015730201368655,0.12982994064579,0.0675504256046819,0.093177108202019,0.0344916535229596,2
256,90,4.4,89.3971118244918,10.0,0.00242671250098195,0.00125826991083531,0.0852433346968159,0.0364253431896312,0.0599334829909359,0.0259803692793991,2
257,91,3.5,40.6051052707441,5.0,0.00321236064407542,0.00221099554800502,0.0788101679610607,0.0274417234911398,0.0356470799549829,0.0302935976438477,0
258,91,3.5,21.8144807880685,5.0,0.00345058028032318,0.0026101365708893,0.0482060139818261,0.0384199726169801,0.040304356412352,0.0229785563294081,0
259,91,3.5,25.2744119040018,5.0,0.0086806516715998,0.00580719341544538,0.0607273358394148,0.0330867451220603,0.0827639019403946,0.05531853555544,0
260,91,3.5,27.4202736768008,5.0,0.00877133605873666,0.00176709351469198,0.0515372090954435,0.0458954996651604,0.0737033197140131,0.021366030994801,0
261,92,5.0,44.2209440158693,28.8,0.0300846278991714,0.0204482468475889,0.157126816491255,0.0865553647660818,1.31564395417385,0.447956605855581,0
262,99,4.6,82.9637428582321,16.5,0.00274770109500712,0.00176472943175899,0.0784864693812067,0.0300633136527281,0.0995100076012847,0.0414009628675423,2
263,100,5.4,534.482515286961,27.5,0.00186379133236611,0.00045975373700253,0.108837009402821,0.0690614405398425,0.0999628758903502,0.0299974650453827,0
264,101,4.0,60.9398078980684,57.0,0.0102865676188708,0.0100006518656232,0.0562661751986848,0.0518846861091773,0.132122394577885,0.107589411125126,0
265,102,5.0,274.529749211076,28.5,0.00180893533461146,0.00076123040195739,0.0776157493840003,0.0593704413381913,0.0643825853008335,0.0232337895644981,2
266,102,5.0,292.056148539728,28.5,0.00289980396369536,0.00123914020769359,0.106759613804482,0.0320808772799351,0.107302223391911,0.0379383040553808,2
267,102,5.0,328.68843614432,28.5,0.00153674123430561,0.00073151421475349,0.0589798194993496,0.0503169018662141,0.0662462795848387,0.0290737935700149,0
268,103,4.6,36.3508255645088,19.1,0.00735886963359777,0.00605057124333962,0.0904032760212611,0.0548457137712053,0.176072787502637,0.119079446906651,2
269,103,4.6,37.8787279043202,19.1,0.0132726939933078,0.0122565706046718,0.0420920271769995,0.0649053136489141,0.28235428399511,0.223559567460456,2
270,103,4.6,158.931058232694,19.1,0.00282649048794044,0.00134441411983741,0.0749573878591228,0.035470976651,0.0983672147543374,0.0334983378887908,0
271,104,3.8,24.2492626652997,5.0,0.00331457991936248,0.00376385283999813,0.0377296285490286,0.0794397047407091,0.0532447209765868,0.0413514535066131,2
272,104,3.6,25.7493056180297,10.0,0.00310524047612232,0.00370417719278713,0.0495832192223327,0.0160340110388268,0.0646198062289773,0.0502566680631352,2
273,105,3.4,25.7493056180297,10.0,0.00191965208911824,0.00153732350984742,0.0322052576318331,0.0562645734971327,0.0376948744890744,0.0234391706667523,2
274,107,3.9,29.6164180289469,5.0,0.00281623472797716,0.00351289337687915,0.0515018103062797,0.0284555318533592,0.0391283353851532,0.0395289781411297,2
275,108,4.8,141.946229782897,37.1,0.00351492357849758,0.00153793671438081,0.0903217585317038,0.0737643396387126,0.091841610824998,0.0414003243749934,2
276,108,4.8,137.067632068576,37.1,0.00321279183492691,0.00282510050673551,0.0714425006002687,0.0622143454352567,0.084836547274103,0.0694052256322315,2
277,108,4.8,158.134941635818,37.1,0.00489632218784184,0.00248169762566902,0.123665106709239,0.0709985756642229,0.174027047213669,0.0555095218752237,2
278,109,4.0,30.8566397533064,10.0,0.00225864160194849,0.00337462822549283,0.0552835234633198,0.034891572786185,0.0607019086966393,0.0454620565737795,2
279,110,3.0,35.0651059602871,5.0,0.00538439272167453,0.00891193135570355,0.0460072623538552,0.0473769583644704,0.0827833847638753,0.0816279072799548,0
280,112,4.4,57.8697690919128,23.4,0.00384133681931479,0.00195988038374265,0.0657895116828268,0.0927024546424936,0.12713873372568,0.0589046850451162,0
281,112,4.4,59.4784222754094,23.4,0.00418599041194411,0.00275141193686676,0.114782829113997,0.112724295774442,0.190173214332572,0.0836360042235345,0
282,112,4.4,63.0628009146997,23.4,0.00277144731615597,0.0019627297500348,0.0510691216605788,0.0269506751531291,0.100667753143333,0.0571132293720053,2
283,112,4.4,30.3876094607449,23.4,0.0504980659752516,0.0402765885740872,0.135087080352711,0.0413304848665913,1.08043865686125,0.614586924125248,2
284,113,2.9,37.3170841443876,10.0,0.00492430876057408,0.00552283748297267,0.0647601677611719,0.0346655521583225,0.0741059893544163,0.0654670097477622,0
285,114,4.7,89.184713098162,10.0,0.0033698744076251,0.00186851644681926,0.039967664327427,0.0277964337261075,0.0781526200774577,0.0465953834343365,2
286,114,4.7,113.684166779562,10.0,0.00328843715354088,0.00142575560189016,0.102349299492403,0.112446584843449,0.122576199710039,0.0408803389842243,2
287,116,3.5,61.0712454259149,5.0,0.00644548672711844,0.00393261522225307,0.0729453127727418,0.0570162201673402,0.121266519203811,0.0675163887547036,2
288,117,3.8,142.784752142104,7.0,0.00358751546198647,0.00270292205413625,0.0354706771030547,0.0647455782316934,0.0747171305344843,0.0566213069285693,2
289,118,4.6,58.8169494201099,5.0,0.00243081345153345,0.00220393226313455,0.0694113106695502,0.0599452703914969,0.114154938838026,0.0730080746602838,0
290,118,4.6,135.059651761475,5.0,0.000447448552578777,0.000367304218217071,0.085068088014223,0.0313467446720775,0.0291552936692906,0.0119292421342949,0
291,118,4.6,30.7392717052466,5.0,0.0131610993760102,0.00844640162753125,0.0658809150542732,0.0891235007360799,0.228061841573767,0.137617686921247,2
292,119,3.2,22.4901491488775,11.4,0.00303264314048566,0.00346949612405745,0.0351203167908994,0.0326227409378327,0.0444937657007005,0.0389210873072208,2
293,121,7.8,1468.11830445946,46.0,0.00563634710117539,0.00602081308037433,0.0796395345528383,0.0527416614290638,0.211297998992677,0.115094441503381,0
294,121,7.8,1539.75174440409,46.0,0.00301037638558974,0.00229242559312095,0.121688504534614,0.133040362693926,0.186504073922795,0.0742192502440241,0
295,121,7.8,1465.88668071952,46.0,0.011771626361914,0.0108896883533411,0.162422130215004,0.11109581506662,0.733661318285164,0.228570996797955,0
296,121,7.8,1475.82897024685,46.0,0.00525669333953851,0.00371434988831132,0.110935996064249,0.0505812207621453,0.206561002082467,0.0902213932385203,0
297,121,7.8,1476.76612767972,46.0,0.00233767983327857,0.00138591982819312,0.157251407761897,0.732574033087283,0.275853872034291,0.117850533297676,2
298,121,7.8,1447.09583738167,46.0,0.00154498521507909,0.000630641931855933,0.367356177591478,0.475931789366999,0.147418732009131,0.0701918120032685,0
299,123,5.6,185.097069251825,9.8,0.0083075884975719,0.00793330686082041,0.215887558449229,0.127539544733742,0.469268156663549,0.244755221731104,1
300,123,5.6,68.5733853150018,9.8,0.0129129025465496,0.0107391323104262,0.0922782661513207,0.0920036065585271,0.368707322930705,0.303864137198803,2
301,123,5.6,334.712858150343,9.8,0.00328797770655932,0.0016518726448814,0.103021912798073,0.0182140987105114,0.142932750277865,0.0456438026502424,0
302,123,5.6,144.939085802892,9.8,0.0113579872277939,0.00572242782985602,0.268993525198331,0.615161616312355,0.614811329079502,0.168567805637403,0
303,123,5.6,123.595798917445,9.8,0.0123328965657609,0.0067015895175231,0.115259148328323,0.147176463301102,0.49050514303683,0.273134616020093,0
304,123,5.6,96.2977199701711,9.8,0.00422208988728747,0.00450864652867955,0.446443489863738,0.20857743845481,0.507906094512347,0.460304498901047,0
305,123,5.6,283.761323681608,9.8,0.00759591407980115,0.00343029167944428,0.0500604946842205,0.0696480820328526,0.186105498991206,0.0836406851163707,2
306,123,5.6,268.788166983561,9.8,0.00785851876879519,0.0018333998203302,0.195748227099169,0.126152958616736,0.354415266704761,0.0969761917946668,0
307,123,5.6,189.172470610091,9.8,0.00560244604715405,0.00379259944587191,0.108156853629667,0.110490171050891,0.239049822835388,0.119235162458546,0
308,123,5.6,260.54860742384,9.8,0.00613987257129546,0.00628528265268352,0.245403612057464,0.0510312171685764,0.47869425441478,0.286542382976496,1
309,123,5.6,129.570049391222,9.8,0.0122824254110827,0.00625417545724231,0.228098923119867,0.452641743754661,0.653766088362261,0.231225148087602,0
310,123,5.6,222.20684998264,9.8,0.0164265881174359,0.00695936885519337,0.476730777273577,0.243683480397614,0.950270921001577,0.223011227503945,0
311,123,5.6,210.184247469602,9.8,0.0152001499822713,0.00863770377104574,0.294357485796081,0.0867955787115042,0.742049128735696,0.260831425845638,0
312,123,5.6,130.512407752556,9.8,0.00859688813499922,0.0063260010995691,0.20744129466298,0.0949966439679979,0.370281493864463,0.240279020271979,0
313,123,5.6,93.4963577416269,9.8,0.00636071776997405,0.00625223687175312,0.161233972686103,0.140809803443003,0.319378481402401,0.24386613370908,0
314,123,5.6,252.938668678204,9.8,0.0132749742960748,0.00843823009777292,0.129690862805133,0.0764878447039628,0.533531434754917,0.225811026594428,2
315,123,5.6,412.871368247869,9.8,0.00175383722551774,0.000760117595855827,0.138381757062378,0.134717173972148,0.10206624075958,0.0360710078536728,0
316,123,5.6,273.661700215289,9.8,0.00262541630571377,0.00201132131196848,0.0995156488594051,0.0985914807240281,0.143714497546014,0.0909096015275473,0
317,123,5.6,201.687885216413,9.8,0.0108960020121826,0.0105926096496687,0.227792797196782,0.231373487422021,0.429549278437473,0.430128248272815,0
318,123,5.6,187.18497468813,9.8,0.0148792160953242,0.0103665186528761,0.46976410312122,0.0546488175889129,0.697288960868821,0.340266117098263,0
319,124,4.9,58.9766962010824,18.0,0.0213601609695076,0.023685387071247,0.0493577057027835,0.0503502944622355,0.506565278641823,0.357815751665218,2
320,125,4.0,33.2890895093333,10.0,0.00754355846129529,0.00473954965386723,0.0886397784850357,0.029866377153977,0.234689731708376,0.218988952169159,2
321,126,5.1,217.267437927304,17.6,0.00138858956552744,0.00383040918686829,0.0716239434771189,0.0524321429718146,0.0320878967084419,0.0425618921224325,2
322,127,4.4,49.7443213312027,25.5,0.00374450812451207,0.00578856796836999,0.0403574293543495,0.033070834365313,0.0493601890784831,0.0634534741631321,2
323,128,3.8,61.8006263323428,30.0,0.00174247610052304,0.00271932632561229,0.0323309790832792,0.036732227509761,0.0411151947475011,0.0394618600132114,2
324,129,5.1,121.750409903152,18.4,0.00505553312451108,0.00379337798762865,0.0636196955670662,0.0832358276701646,0.178972540360997,0.131853735068608,2
325,129,5.1,223.867245486015,18.4,0.00578662732695487,0.00164367337978729,0.149750266550743,0.10652773281721,0.408577754903981,0.126629521064458,0
326,129,5.1,105.168965973723,18.4,0.0020289676928549,0.00105427852245566,0.0869742082223485,0.0592548268397641,0.100456848613579,0.0603888930695682,0
327,131,4.4,51.8236604646586,31.0,0.0244194309562008,0.0107185203663207,0.0633227516886542,0.0614423165667761,0.764307025713917,0.201434793590325,0
328,131,4.4,68.6882974207903,31.0,0.0117206218343769,0.00445950845570742,0.0829352219078473,0.0339044863449576,0.446317472819938,0.0924673303904411,0
329,131,4.4,36.5770310801103,31.0,0.0191446886288213,0.0149372209581793,0.11161046136185,0.08842937080264,0.770838932319901,0.40122024417855,0
330,131,4.4,74.8267576537985,31.0,0.00955124904333148,0.00552219891259173,0.102231390525624,0.0774140978975848,0.507397258935871,0.141023120902263,0
331,131,4.4,103.913494896741,31.0,0.0034906122417553,0.00290153008039831,0.0800066949135431,0.059916436726752,0.169489817338537,0.0577733467877467,0
332,131,4.4,72.8077356190005,31.0,0.00914664767984404,0.0118092465665306,0.057877500855755,0.0808264797808937,0.335772831621965,0.243001920088781,0
333,131,4.4,148.510717257851,31.0,0.00442599578049818,0.00493689133792188,0.0607242775198983,0.122978664883162,0.132609732531609,0.0948660885344625,2
334,131,4.4,245.393953261805,31.0,0.000918185657010743,0.000553565203900182,0.147222212953547,0.061764912833933,0.0491266639248697,0.02022165478318,0
335,132,3.5,22.4940673957492,11.0,0.00934066402874603,0.00798012699568115,0.0983732882757329,0.071677825356053,0.139943628431634,0.11455683591319,2
336,134,5.5,391.390652313071,80.0,0.00255785123761741,0.00206202506883151,0.0383553864278285,0.0325067943136077,0.0554502180797381,0.0410211947157634,2
337,134,5.5,817.07620893479,80.0,0.00206028123372303,0.00093813186490157,0.101954019719683,0.182917004394434,0.0379423139570654,0.0452872352263434,2
338,134,5.5,806.478659386548,80.0,0.00152298798850958,0.000764756959488711,0.112103146815303,0.0774041625777818,0.0297979167518224,0.0258585664191838,0
339,134,5.5,795.038072059648,80.0,0.00132104903098141,0.000920629646121165,0.109249007631106,0.0568552566315676,0.0361132617650139,0.0269182264078072,0
340,136,4.9,128.845010269298,10.0,0.0014893268857746,0.00219453872892798,0.0470455922538417,0.0410912113165122,0.0581739010315868,0.0497877903783571,2
341,137,3.1,34.7722897809355,10.0,0.00392901742819999,0.00183419821035283,0.0148898641436058,0.0296797741534978,0.0496755804524791,0.0288759973026575,0
342,137,3.1,35.2123267724489,10.0,0.00292110856827465,0.00124590385767527,0.108791173976509,0.0376943853327678,0.0403846384441222,0.018065342074468,0
343,137,3.1,19.6735876481938,10.0,0.00303915626851633,0.00111576803311586,0.0372606217553843,0.068131562212194,0.0301901777800934,0.0161445227458856,2
344,137,3.1,23.5043490533962,10.0,0.00720955950525561,0.00497491024848927,0.0545363502182953,0.0862054323714612,0.0863047233620708,0.0673092793383879,0
345,137,3.1,21.1277749725529,10.0,0.00774385847127905,0.00654904889886985,0.0795454469502207,0.0726564076224557,0.0740017114514849,0.0641412800542563,0
346,137,3.1,10.0437699185108,10.0,0.00657749365983409,0.00486705473624195,0.012224595746599,0.00656289113684584,0.121678033425092,0.0707086178741063,2
347,137,3.1,21.6394732162003,10.0,0.00530627334809834,0.00303235359061459,0.143098124918674,0.191939671119563,0.0592173165024111,0.0452544639598425,0
348,137,3.1,22.9265163020434,10.0,0.00153235825923875,0.000671192609020209,0.00840548861173812,0.00664633370748663,0.0207229533359574,0.00773380319682785,2
349,137,3.1,22.2053418247847,10.0,0.0032429915484697,0.00379207926400576,0.033251638418459,0.109907126142648,0.0347924448807848,0.0408614744593505,0
350,137,3.1,14.4119668685628,10.0,0.00650338035418165,0.00433224891043915,0.0469450914476951,0.03533828318888,0.0869502258137259,0.0520879165973354,0
351,138,3.3,14.3088278217573,10.0,0.00274172786292216,0.00250567177737691,0.00588632257920503,0.00682451932518784,0.0576676596071453,0.0379695289888888,2
352,138,3.3,19.0003961116878,10.0,0.017573577202078,0.00693908395262266,0.172902739165713,0.0953487396708635,0.176528125561956,0.0991354412021157,2
353,138,3.3,19.0003961116878,10.0,0.0043469118212137,0.00219895629804549,0.00614623184887626,0.0110466256107214,0.048399555469547,0.0207756251709662,2
354,138,3.3,30.2634519431094,10.0,0.0252510798502843,0.0181352625938897,0.0211933297314618,0.0150277385788713,0.27315511837412,0.161993793302243,0
355,138,3.3,33.2682415279495,10.0,0.00987148065232664,0.00596376756328969,0.00550104322157857,0.00551200907412943,0.117426924215238,0.0520116225149328,2
356,138,3.3,18.6412920030857,10.0,0.0294402174460468,0.00713534219857983,0.0170833736176148,0.005061165217167,0.249725711114873,0.0962459699094735,0
357,138,3.3,32.0120026291258,10.0,0.00929434329271995,0.00779914728088182,0.0742957158586237,0.0281134152718617,0.0981768854645729,0.0820211257072412,0
358,138,3.3,23.4829570540019,10.0,0.0156555572767363,0.00889421950224731,0.0768566958796881,0.05324678230521,0.203590421671426,0.112418493273235,0
359,139,4.0,54.9863467622684,10.0,0.00399508583492581,0.00262599441237318,0.0679625624567982,0.0643581241065776,0.0838655850885996,0.0431220971620052,2
360,142,4.1,40.7949266937803,10.0,0.00576918308195732,0.00530739378897864,0.0368789561113149,0.039343095086346,0.0906514054967493,0.0709985698599677,2
361,142,4.1,23.3406489484475,10.0,0.00534017899176394,0.0103880126203466,0.0712457151303875,0.0594681152357819,0.169004182556206,0.0926029999151624,0
362,143,4.7,46.1819142954076,10.0,0.00795089591829698,0.0143197899141587,0.0962648328791141,0.0941134815104171,0.203354262982458,0.222268903457512,2
363,143,4.7,21.9352982889725,10.0,0.0539067590277074,0.026260679319643,0.271771844176429,0.204062022098687,2.18452055553237,0.773233509426063,0
364,145,7.9,447.744017676967,12.0,0.00568574505167896,0.00379028924859648,0.478391182266943,0.752577283437233,0.723728360906721,0.59499571512968,1
365,145,7.9,361.703337585436,12.0,0.020221062067296,0.00803656947355732,0.699619593926365,0.708822698716975,1.57131446342344,0.753440394970231,0
366,145,7.9,325.954722786219,12.0,0.0322054591911645,0.0170996884123786,1.6389061885398,0.691863018944403,3.45275280774857,1.53477701746085,0
367,145,7.9,318.645862610862,12.0,0.040345189508153,0.0180202136326621,1.76171903690771,0.488614704988786,4.65455085068641,1.50805750876507,0
368,145,7.9,342.432118883367,12.0,0.031170949637233,0.0198140126480038,1.73707539411073,0.563602027110798,4.9364619519515,1.31163078030617,0
369,145,7.9,411.818461849009,12.0,0.0161984308809886,0.00990722353084352,1.24110847945873,0.645733498425767,3.38585016890634,1.34046104445351,0
370,145,7.9,630.732901383483,12.0,0.011846380596592,0.0060286456596473,0.415922008573981,0.345629862827014,0.846920470926118,0.560722166197255,1
371,145,7.9,676.838800033866,12.0,0.00741053300495987,0.00373978287680475,0.456359133969587,0.194941294686109,1.01332491055104,0.329233220712799,0
372,145,7.9,509.66960433537,12.0,0.0097642080253983,0.00360571979482904,0.812849163774682,0.306214507671169,1.02525919068626,0.465026319480671,0
373,145,7.9,541.919907641788,12.0,0.00773288610594718,0.0034007308082072,1.1487468356071,0.463419102313289,1.16915690488883,0.624728854023137,0
374,145,7.9,587.419611318323,12.0,0.00472741486413101,0.00338354195335045,0.228607211859709,0.283656643790628,0.306174028779961,0.305084855774198,1
375,145,7.9,643.048120652855,12.0,0.00577344331755987,0.00266884424539858,1.09886681406442,0.353049528723251,1.39656297622512,0.469591100356348,0
376,145,7.9,760.888940443766,12.0,0.00409054873383609,0.00193219601205892,0.380388074729385,0.168429747803769,0.520389115465406,0.242206055665492,0
377,145,7.9,736.801284730349,12.0,0.00429413826597931,0.00297660055851426,0.491552577663974,0.205579242202765,0.569025190276275,0.320582619433136,0
378,145,7.9,667.01728467878,12.0,0.00279008469591699,0.00203160217014115,0.241055204566268,0.198410620567465,0.367140489983715,0.279903484394776,1
379,145,7.9,876.501092210048,12.0,0.00282818128560583,0.00120897986652124,0.532983818216928,0.220379507558567,0.614185596491118,0.327673464048296,0
380,145,7.9,955.901012953661,12.0,0.00234603845418498,0.000959273234449011,0.178448177561188,0.127259527427367,0.312661310045476,0.122839556867955,0
381,145,7.9,152.953523999601,12.0,0.0523267070002543,0.0494709124685008,24.9135634395497,7.15117184349596,17.4129921125779,5.9660522008928,1
382,145,7.9,515.991857473409,12.0,0.00835445918724597,0.00558731944540795,4.37353448380414,1.22240188640751,3.06939181333953,1.1949898761879,0
383,145,7.9,358.876585331254,12.0,0.0215119477908066,0.0134540777001038,6.25826835871454,6.00337044807111,5.61013069897518,2.30470905401602,0
384,145,7.9,331.488874670873,12.0,0.0383879030987933,0.022401605483922,71.6348508812228,42.9789494160464,28.4299662276749,14.3586052685284,1
385,145,7.9,445.612132611698,12.0,0.0122846439179252,0.028846376842882,7.02879792022568,52.9022818499646,4.09989605664682,17.6252885857742,0
386,145,7.9,437.377043364705,12.0,0.0133967295564279,0.00768165710586201,5.61445943235955,1.91287679328778,4.36016008149524,1.29528070764617,0
387,145,7.9,197.181868740465,12.0,0.0619260755832888,0.0158360616474923,19.5586007365615,6.11044809723179,18.5072502218845,4.51192373496707,1
388,145,7.9,150.045176412282,12.0,0.0837048672979073,0.0334145363949943,29.5251287453184,19.0784084515921,17.1811132215512,8.18071282421429,1
389,145,7.9,256.421636805,12.0,0.0407103783952834,0.0249991006397691,9.0198199386727,24.0602927699546,7.50574408876828,8.03730212522973,0
390,145,7.9,295.647541827388,12.0,0.0372008403131113,0.0184962528261309,11.4967927688815,2.90034401919089,7.49728036957052,2.39883589445323,0
391,145,7.9,29.5234634372474,12.0,0.208941363892674,0.141422053321526,27.8570638635592,31.5402260308469,30.1295315890005,29.9984637306057,1
392,145,7.9,29.1679811030562,12.0,0.146258420261501,0.129061200938406,52.4454924315683,44.2989248603079,68.2405021328528,38.2981711667023,0
393,145,7.9,29.6060014477614,12.0,0.141658294689473,0.18511677031857,59.1372540039034,34.5945034207114,63.5955612586127,41.6509639527665,0
394,145,7.9,29.3865700285556,12.0,0.22606483069511,0.133841708661256,49.1687796483588,29.1738000092042,89.5532354366306,32.7613357394177,0
395,145,7.9,26.0718317947307,12.0,0.155893240911946,0.157903002511733,82.6483211384131,27.313214064438,90.40849104329,27.8791970200067,0
396,146,6.7,439.158005145119,21.0,0.00156004716303074,0.00139226200350789,0.094111349993265,0.129734767361313,0.187104915168858,0.169857501941548,1
397,146,6.7,357.197204716477,21.0,0.00570567252233031,0.00234963029298325,0.272875336209275,0.149153793195208,0.609091848657083,0.294151096239224,0
398,146,6.7,285.088990611294,21.0,0.0275081599381952,0.00609685381355696,0.511871668285707,0.216808634418236,2.52885384658651,0.452377255765236,0
399,146,6.7,284.724077744538,21.0,0.0135222298496213,0.00602871576814667,0.330778169677278,0.178375101008957,1.14342592888813,0.337282979307258,0
400,146,6.7,314.008480412466,21.0,0.0164233634978686,0.00815946683792983,0.329284267471001,0.139744793279517,1.49651628979825,0.46614817182867,0
401,146,6.7,387.375240231312,21.0,0.00557772058213364,0.00294169848182493,0.436413795233573,0.176906570281557,0.912016419361889,0.533853732919136,0
402,146,6.7,600.744573910233,21.0,0.0031538248811056,0.00138919670009462,0.115321075457013,0.100945917930309,0.277311433894343,0.227667383462076,1
403,146,6.7,626.960350718484,21.0,0.00333253028810737,0.00108637749461293,0.0905143113989237,0.0343701177119479,0.333548070245914,0.0894298517640675,0
404,146,6.7,463.993980982394,21.0,0.00423057093819338,0.00153103678179845,0.145665118413353,0.0531950886387317,0.382050901819905,0.147575538472966,0
405,146,6.7,492.001494476641,21.0,0.00309510418570306,0.00129015492842422,0.228276973416581,0.0865825761492494,0.331958223773336,0.138372638156183,0
406,146,6.7,531.294945954595,21.0,0.00232116548037853,0.00149686960058246,0.0469801408404731,0.0843282901254809,0.137870203829339,0.099377846099014,1
407,146,6.7,588.845980991975,21.0,0.00222885996733266,0.000856124264494034,0.154516307813646,0.0473908939805428,0.257910232658814,0.0914932229112127,0
408,146,6.7,707.409818129784,21.0,0.0012323175813128,0.000517485271897774,0.0706248853516752,0.0367765825237106,0.15292300774959,0.0535574982625372,0
409,146,6.7,680.717268587504,21.0,0.00138137837280653,0.000913007763568878,0.147415415668764,0.0525189263450736,0.187998293032471,0.0668934216453468,0
410,146,6.7,609.249090308782,21.0,0.00119738003092619,0.000644800393913994,0.0417656718433323,0.043951305554098,0.0910390052194596,0.0596736312145419,1
411,146,6.7,819.825254868902,21.0,0.000710034808828511,0.000407809244181551,0.104229084746184,0.0680099549628121,0.200563601672447,0.153841138664645,0
412,146,6.7,902.513910724806,21.0,0.000736140618337419,0.000378425495180286,0.0485351658824167,0.0339249924278953,0.0940744953300859,0.0323830805217044,0
413,146,6.7,144.003137063629,21.0,0.0220507869997703,0.0125345555787045,7.97862341447656,2.36565618823333,4.21593693691875,1.97721299685715,1
414,146,6.7,391.847896362476,21.0,0.00766420300983109,0.00476028332196404,0.986651382219137,0.38506884504758,1.6774105878142,0.363563467980685,0
415,146,6.7,176.243060541371,21.0,0.0112972653635704,0.00810917900860506,4.94121773745252,1.38027885552716,3.44424526337965,1.79829034740798,1
416,146,6.7,178.65270719823,21.0,0.0338857052748556,0.0143222169701755,10.143754206539,19.5567244839844,8.24625210053087,6.536248463364,1
417,146,6.7,291.944099813638,21.0,0.00906435796519978,0.0115656985274172,5.27053191789164,24.4223446801571,2.56063320189021,8.06716277332697,0
418,146,6.7,259.474239394487,21.0,0.0243111844957297,0.0115409341645618,7.31702628408224,0.909338784218963,3.54150600281043,1.13285669826155,0
419,147,6.7,490.377243489399,20.6,0.0025942131762399,0.0018674912793934,0.141865175840647,0.142608434704624,0.376459855151449,0.360739665099688,1
420,147,6.7,402.36527403131,20.6,0.0124396092798763,0.00364398102940631,0.318511203121325,0.0970296163978771,1.07159202649549,0.262698935447189,0
421,147,6.7,392.351578611413,20.6,0.0129928432153273,0.00461604174114155,0.292428187598168,0.161221604104701,1.36107712592391,0.363078351855106,0
422,147,6.7,381.678549841792,20.6,0.01247409348179,0.00638426645247779,0.378928897547289,0.143671683379622,1.26912766411238,0.507260221650698,0
423,147,6.7,401.915199531497,20.6,0.0147686792795434,0.00769406770431776,0.570142843129646,0.18449310809243,1.53218635886998,0.663637800027616,0
424,147,6.7,467.726537898314,20.6,0.00653935763148739,0.00337485694705082,0.227051072110084,0.0825413511852267,0.684091356625428,0.334113948138756,0
425,147,6.7,689.015783555647,20.6,0.00370893982592109,0.00183586858795204,0.0736424326704719,0.058816748680643,0.252442812744394,0.163755510112763,1
426,147,6.7,745.649830615938,20.6,0.00295282780493693,0.00159942027886722,0.0815503094771551,0.0460758837136214,0.371070965623977,0.162026601250136,0
427,147,6.7,577.313673751179,20.6,0.00286611040297037,0.00149506648308995,0.144034156127269,0.0678160663283128,0.467800260567354,0.180077835200722,0
428,147,6.7,610.917094523745,20.6,0.00329127930088304,0.00118918023975704,0.185648229861673,0.0812212329374239,0.561903938248585,0.178674154075538,0
429,147,6.7,656.40514614933,20.6,0.00280756610265519,0.00190034843501894,0.044272862542777,0.077315491737958,0.100500343144304,0.113849619857314,1
430,147,6.7,712.398712708076,20.6,0.00226129898542816,0.00102259919480302,0.186608553776534,0.0539595865011781,0.309957483445857,0.143771737049085,0
431,147,6.7,830.108255904457,20.6,0.00285928351930013,0.00111948983019663,0.0578186382653719,0.0311388046212991,0.168390913620495,0.0808736584245058,0
432,147,6.7,805.454608605617,20.6,0.00364189842924467,0.00172732086749086,0.10056663241947,0.0324137803855685,0.316485349162262,0.0904574203441799,0
433,147,6.7,734.141835533844,20.6,0.00213386491963242,0.00150834279820669,0.0386268375795123,0.0563681544709951,0.121526894211356,0.107257410796226,1
434,147,6.7,944.281851200334,20.6,0.00161662332287268,0.000705462887920628,0.107889743418295,0.0569552534083354,0.255963950199582,0.15527343346265,0
435,147,6.7,1024.86619075467,20.6,0.00145167106894107,0.000545761168989984,0.0505530674423434,0.0378140104040865,0.123512633695865,0.0500221978807313,0
436,147,6.7,582.711877388616,20.6,0.00835445918724597,0.00558731944540795,4.37353448380414,1.22240188640751,3.06939181333953,1.1949898761879,0
437,147,6.7,403.287505953375,20.6,0.00945708914814544,0.00600979487405393,2.08613102680875,1.76405337059237,2.00127372412338,0.80666482533486,0
438,147,6.7,268.892669697648,20.6,0.0180967536102379,0.0220445282725287,6.50737050917427,44.2854130976791,6.02678204766765,14.8158909735691,1
439,147,6.7,228.757018769468,20.6,0.0280389174217644,0.00738012019605741,5.84613503102617,1.08877831296175,6.24052318576799,1.51969431816183,1
440,147,6.7,505.161131057515,20.6,0.00601185885450659,0.00289040562979667,0.711748039081673,0.32196073544411,1.03929768170354,0.532558058213107,1
441,147,6.7,255.843936385625,20.6,0.0223276394024512,0.00647698124964633,2.14027155068576,1.4268382499516,3.98249666561652,1.20479115067882,1
442,147,6.7,169.917780365026,20.6,0.0374704919404357,0.0121942503788092,8.0994482085114,18.7999042380361,7.69525958472442,6.30670941861267,1
443,147,6.7,360.139534890177,20.6,0.0137904933303894,0.00732910141530865,1.99613723340407,7.17826499634202,2.69127389144873,2.43989963803003,0
444,148,7.2,496.571139715815,12.0,0.00412991218416843,0.00405367847355078,0.659620176698159,1.05874022753736,0.815982074707686,1.69675117196472,1
445,148,7.2,408.488038897032,12.0,0.0172987011845366,0.0062082334665507,1.44448156442362,1.04147978120861,2.2292271013639,0.917948726908606,0
446,148,7.2,288.999377008476,12.0,0.0240685947235985,0.0100815377664985,3.4621626766802,1.38800104943899,3.92071719869048,2.15705870796017,0
447,148,7.2,397.14780675619,12.0,0.0176243403038663,0.00708449021716724,2.33784826809171,0.544266978055633,3.11711765830899,0.928909689690494,0
448,148,7.2,386.888974813031,12.0,0.0185916878674159,0.00783717355284173,2.78763329079221,0.562906101391605,3.71316357709519,0.969729436179903,0
449,148,7.2,407.449326565394,12.0,0.0218085748687856,0.00913502180944616,2.99258700206659,0.704493126227228,4.6243771188118,1.28665769853933,0
450,148,7.2,473.549729505037,12.0,0.0123544157052803,0.0048346243139722,1.40535151111691,0.658187041171463,1.98936383507244,0.762023176793548,0
451,148,7.2,504.328721729157,12.0,0.00988937732361066,0.0035915959581576,1.18397852463656,0.641522322321323,1.9028047966353,0.863584224417118,0
452,148,7.2,580.826203572591,12.0,0.00647454734356738,0.00360410023936635,1.32526820765806,0.28554779215156,2.06987041389626,0.573706806193459,0
453,148,7.2,694.885768864796,12.0,0.0051361933743097,0.00281120626185347,0.527799052127512,0.531956093651605,0.690916942038222,0.527919921558763,1
454,148,7.2,799.328074839564,12.0,0.00614436260280816,0.00242780960254734,0.642132733398405,0.283985918183569,1.15268038397677,0.538728951219537,0
455,148,7.2,813.020828905287,12.0,0.00279156612081333,0.0018400104611349,0.285115820631259,0.1363940059876,0.723917274603648,0.275095024465614,0
456,148,7.2,747.22266716401,12.0,0.00328059212540977,0.00165814338440221,0.503547871587193,0.183634648185232,0.782272391358399,0.410195437943245,0
457,148,7.2,749.974766017556,12.0,0.00452142994000715,0.00193066198031319,0.572632061820968,0.199456231840095,0.838402852311198,0.346135063632478,0
458,148,7.2,582.006077658209,12.0,0.00542892052560241,0.00200447104925495,1.00854899973356,0.409045362799563,1.43463879183087,0.555690661919421,0
459,148,7.2,615.150786605983,12.0,0.00395135259368203,0.00135657326784883,1.10980954495117,0.450133718990729,1.21218776933538,0.493220969028209,0
460,148,7.2,659.459338188201,12.0,0.00311455484053767,0.00215018255702626,0.35645660168327,0.370521824297912,0.286348471216718,0.334222380478732,1
461,148,7.2,674.518216146162,12.0,0.00128429461828764,0.000803067187116088,0.375673559534801,0.348718557597882,0.315794741703372,0.260364161559478,1
462,148,7.2,715.955740589027,12.0,0.00317549887118467,0.00125064304053941,0.909816639365092,0.347844678891008,0.958425368949146,0.36947782877483,0
463,148,7.2,833.843930454155,12.0,0.00266290315156653,0.00139930324253884,0.523676476374479,0.147490042446279,0.616342073727004,0.208309566225799,0
464,148,7.2,808.505540670114,12.0,0.00402464200509107,0.00220029319086508,0.435459399491179,0.160190068267798,0.445290198932646,0.209259595432418,0
465,148,7.2,736.451843618716,12.0,0.00238183972593345,0.00130390116913097,0.267587616583109,0.301892906758014,0.208394105047441,0.21035369004533,1
466,148,7.2,947.040004299228,12.0,0.00180355094012776,0.00070471426620368,0.484023022767908,0.210161604588402,0.58748117293489,0.315357654414338,0
467,148,7.2,1028.63496149056,12.0,0.00160503552833178,0.000659631285031003,0.24117405565523,0.166988920805139,0.331662164824198,0.132894982749605,0
468,148,7.2,75.574513124108,12.0,0.0803299332148873,0.0776415242561065,6.97358884053249,3.13404211681526,13.3558429512838,9.5953584112539,0
469,149,6.2,492.683451643228,18.1,0.000687461933178802,0.000429120358366974,0.0218841263664101,0.0319411712772937,0.0560903346395378,0.0594593674674773,1
470,149,6.2,404.352022190111,18.1,0.00392780232946859,0.00115869394347995,0.0539684768614772,0.0449476199437788,0.237368064953822,0.084304368639429,0
471,149,6.2,292.390887032161,18.1,0.00327322441363436,0.00176668089945267,0.142864428840767,0.0511739564133465,0.218386540215465,0.065490462595556,0
472,149,6.2,405.615471222601,18.1,0.00246874972906924,0.0011240021001455,0.0990562200435551,0.0251229430968239,0.220566428241578,0.0567593410406653,0
473,149,6.2,392.967666119211,18.1,0.00248073688332641,0.00145043039326635,0.0991505131618355,0.0297381663030829,0.240592928669256,0.0653242830427007,0
474,149,6.2,411.367118089423,18.1,0.00313280640664818,0.00195360909701438,0.0680605612906899,0.0298134221345499,0.198704364155595,0.0873239929136417,0
475,149,6.2,475.343419955439,18.1,0.0016804276111162,0.000996841562740637,0.0381267661335081,0.0237543079504932,0.108207142739486,0.0505607657929132,0
476,149,6.2,507.545658362782,18.1,0.00129778583708345,0.00083157920131634,0.0429587677717805,0.0249986924286491,0.143111908851698,0.0513415718631496,0
477,149,6.2,584.523900835841,18.1,0.00108477456307946,0.000828927638617148,0.0309342844220653,0.0120303212465857,0.106902528906378,0.0352468253173083,0
478,149,6.2,697.248947072345,18.1,0.0011073811569947,0.000754681990721986,0.0168691962225214,0.0146333907330002,0.0547025942652808,0.0185957112803956,1
479,149,6.2,807.328974710229,18.1,0.000830595985874378,0.000481033183109292,0.0315457167955827,0.013950249544355,0.110008165415657,0.0524132799391673,0
480,149,6.2,823.253620986512,18.1,0.000713287033213667,0.000544338286599233,0.0122230162116368,0.00757298698633157,0.0480224157449291,0.0183655598163857,0
481,149,6.2,756.851438584091,18.1,0.000597167017073201,0.00083140134816932,0.0178863121233963,0.00877087130778135,0.0499044780382037,0.0188296521258274,0
482,149,6.2,761.003637825743,18.1,0.00097909429133304,0.000480358674887287,0.0192726517673012,0.0115144450068248,0.0650256738552822,0.017042740619683,0
483,149,6.2,591.352702331631,18.1,0.00090021909035546,0.000445893593198925,0.0353864710832592,0.0195439065894752,0.0628338661541795,0.02425687763385,0
484,149,6.2,626.467760707486,18.1,0.000741166574281977,0.000432859610270932,0.062459348885526,0.0175827592074559,0.0697096917796591,0.0287792416518456,0
485,149,6.2,674.677920351709,18.1,0.000673602109535956,0.000417173913953405,0.0142157865754953,0.0248244885073551,0.0263850654093504,0.0224786704296956,1
486,149,6.2,689.796304777258,18.1,0.000348078999130195,0.000199875698968088,0.0184340549575112,0.030283121802419,0.0258416574976737,0.0225174004547466,1
487,149,6.2,729.676642619505,18.1,0.000485701309296386,0.000300464843612025,0.0510830122827714,0.012997846278265,0.0605321101285576,0.0223469970629785,0
488,149,6.2,846.988243676939,18.1,0.000682936299126806,0.000315580102519251,0.0169420966904854,0.00711740524508325,0.0364912954892552,0.0147540192833375,0
489,149,6.2,823.704295038076,18.1,0.000770777963276962,0.000482091333625134,0.0305183826595941,0.0152645869592693,0.0548042545938542,0.0216748436278593,0
490,149,6.2,753.542238032499,18.1,0.000830322657347418,0.000373169986734266,0.0107284570145411,0.0158924979222656,0.0360957866628019,0.0180841377339212,1
491,149,6.2,962.956318309453,18.1,0.000488728817652363,0.000244621555726556,0.0264493517773495,0.0149704978013167,0.0390160268530729,0.0267364964728579,0
492,149,6.2,1041.64541163225,18.1,0.000309458629359111,0.000199835897089967,0.0130287249632212,0.0131112549208002,0.017480810572258,0.00943210096416241,0
493,149,6.2,215.727208772424,18.1,0.00901613611496897,0.00329227593270925,0.992263576406237,0.289515012041364,1.26276929821148,0.258661089802364,1
494,149,6.2,168.316503420892,18.1,0.06019673874696,0.0199820208631879,40.25103267877,19.8692063880883,26.2411965192089,6.63434739501154,1
495,150,5.3,481.379595437431,12.0,0.000341549329323731,0.000213701612342299,0.00921680734858851,0.00945811893305937,0.0321706393838229,0.0273336475027064,1
496,150,5.3,393.024877965715,12.0,0.00141845017483353,0.000499693346317303,0.0238386236418903,0.0100318671849997,0.0877282482048532,0.0404453044411476,0
497,150,5.3,282.19646293985,12.0,0.00133448304930944,0.000701201356672841,0.037693580973015,0.0177800346927858,0.0766595265282618,0.0380156235476699,0
498,150,5.3,396.934809937089,12.0,0.00101555056276503,0.000501189609813255,0.0286141275428382,0.0129280411276139,0.0680553741740335,0.0264267346199567,0
499,150,5.3,383.502477173775,12.0,0.00108324703817088,0.000623145895174482,0.0324955684918444,0.00902240573528397,0.0978078113365024,0.0297683954634712,0
500,150,5.3,401.311449958916,12.0,0.00142868541963329,0.0010357812907688,0.0271335946593788,0.0091304589585086,0.0911007225351357,0.0307070908659749,0
501,150,5.3,464.810408242722,12.0,0.000796089725791429,0.000412264677722994,0.0137548416147084,0.00470312178590835,0.0457788939897344,0.0227347386426248,0
502,150,5.3,497.319010949628,12.0,0.000671538775028324,0.00031891793359087,0.0162368795828636,0.0046717762932804,0.0491516694270017,0.0145085347366222,0
503,150,5.3,574.406152030911,12.0,0.000437155180497554,0.000321645783180219,0.0134459328277679,0.00452650955400931,0.041278220728748,0.00976824727140643,0
504,150,5.3,686.812051399196,12.0,0.00044312357046749,0.000272985022522954,0.00450301299111639,0.00340363026720125,0.0199110378882088,0.0118003847498959,1
505,150,5.3,798.486411079586,12.0,0.000276770176449678,0.000199987540119839,0.0107491272033769,0.00336181554550311,0.0321073572321514,0.0180602765436129,0
506,150,5.3,815.286763135667,12.0,0.000265527019563108,0.000197797059087778,0.00471024139886058,0.00208077690418129,0.0154161768885704,0.00993299520477772,0
507,150,5.3,748.629224229204,12.0,0.000396215373459718,0.000683085121046482,0.00759620902352963,0.00200983790958251,0.0218494513886093,0.00819363969386012,0
508,150,5.3,753.378777723098,12.0,0.000450608913600059,0.000186657613437821,0.00634652772189727,0.00280242525536971,0.023615227858037,0.00751055184922789,0
509,150,5.3,583.009859629905,12.0,0.000413555875391716,0.000213657649744331,0.00938836880436083,0.00412171329590471,0.026488926416468,0.0112174992480516,0
510,150,5.3,618.95454673836,12.0,0.000284417551204986,0.00018664475049958,0.0118697442667922,0.00514175090780533,0.0185127999518871,0.00801554855442278,0
511,150,5.3,669.233692775386,12.0,0.000339687861168355,0.00031686397526725,0.00324903493422999,0.005556378707624,0.00826514113883528,0.00638124249098568,1
512,150,5.3,684.395092541368,12.0,0.000151799419869802,0.000133187353202962,0.00411878227496128,0.0052925783219264,0.00620286658348822,0.0060381955653852,1
513,150,5.3,723.382221612542,12.0,0.000199480732738845,0.000117195699244074,0.0113356292138816,0.00474377018359962,0.0187231755909648,0.00919406510847834,0
514,150,5.3,840.414735183375,12.0,0.000229835029066176,0.000276575622378248,0.00594524146820138,0.00185816580768011,0.0129235954282333,0.00640793874348732,0
515,150,5.3,818.309648767477,12.0,0.000296006622606184,0.000431897163285957,0.00767395722763184,0.00375928888813772,0.0151024746278977,0.00703568658361442,0
516,150,5.3,749.399084677045,12.0,0.000167738342578098,0.000127031253255254,0.00231871427049745,0.00356629065782404,0.00905670940794111,0.00670738709132915,1
517,150,5.3,958.094007677786,12.0,0.000146343625511392,0.000181041605750495,0.00539200385495178,0.00238022878539483,0.0113355704793851,0.00669636563639532,0
518,150,5.3,1035.05017764663,12.0,0.000170659136015337,0.000178250543476228,0.00288280539166553,0.00240022243060087,0.00676178544249514,0.00290451591262078,0
519,151,5.3,32.376,19.0,0.0308305573126335,0.0264445227766545,0.0318095006841124,0.022457056787255,0.602705837969385,0.400153057278034,1
520,151,5.3,2.446,19.0,0.0101100323656768,0.00661804753793352,0.0166064768324215,0.0202439980781215,0.241943263112383,0.186822733386049,1
521,151,5.3,28.092,19.0,0.0186304158857909,0.0115857403179812,0.0570239098264356,0.0452506746828422,0.687585996691311,0.384024265187279,1
522,151,5.3,15.62,19.0,0.0296904342471812,0.0162207974337921,0.0277552650193313,0.0383182158625494,0.484363183112677,0.453907002523719,1
523,151,5.3,41.854,19.0,0.00852568630080723,0.00688638611475889,0.00953820911012223,0.00719313578492711,0.198861753088207,0.136388026563515,1
